<?xml version="1.0" encoding="UTF-8"?>
<!DOCTYPE configuration
        PUBLIC "-//mybatis.org//DTD Config 3.0//EN"
        "http://mybatis.org/dtd/mybatis-3-config.dtd">
<configuration>
    <settings>
        <setting name="mapUnderscoreToCamelCase" value="true"/>
    </settings>
    <typeAliases>
        <package name="crud.bean"/>
    </typeAliases>
    <plugins>
        <plugin interceptor="com.github.pagehelper.PageInterceptor">
            <!-- config params as the following -->
<!--            <property name="param1" value="value1"/>-->
        </plugin>
    </plugins>


</configuration>