<?xml version="1.0" encoding="UTF-8"?>
<!DOCTYPE mapper PUBLIC "-//mybatis.org//DTD Mapper 3.0//EN" "http://mybatis.org/dtd/mybatis-3-mapper.dtd">
<mapper namespace="crud.dao.EmployeeMapper">
  <resultMap id="BaseResultMap" type="crud.bean.Employee">
    <id column="emp_id" jdbcType="INTEGER" property="empId" />
    <result column="emp_name" jdbcType="VARCHAR" property="empName" />
    <result column="gender" jdbcType="CHAR" property="gender" />
    <result column="email" jdbcType="VARCHAR" property="email" />
    <result column="depar_id" jdbcType="INTEGER" property="deparId" />
  </resultMap>

  <resultMap id="DepartmentResultMap" type="crud.bean.Department">
    <id column="dept_id" jdbcType="INTEGER" property="deptId" />
    <result column="dept_name" jdbcType="VARCHAR" property="deptName" />
  </resultMap>

  <resultMap id="WithDeptResultMap" type="crud.bean.Employee">
    <id column="emp_id" jdbcType="INTEGER" property="empId" />
    <result column="emp_name" jdbcType="VARCHAR" property="empName" />
    <result column="gender" jdbcType="CHAR" property="gender" />
    <result column="email" jdbcType="VARCHAR" property="email" />
    <result column="depar_id" jdbcType="INTEGER" property="deparId" />
    <!--封装联合查询的部门信息-->
    <association property="department" javaType="crud.bean.Department">
      <id column="dept_id" property="deptId"/>
      <id column="dept_name" property="deptName"/>
    </association>
  </resultMap>



  
  <sql id="Example_Where_Clause">
    <where>
      <foreach collection="oredCriteria" item="criteria" separator="or">
        <if test="criteria.valid">
          <trim prefix="(" prefixOverrides="and" suffix=")">
            <foreach collection="criteria.criteria" item="criterion">
              <choose>
                <when test="criterion.noValue">
                  and ${criterion.condition}
                </when>
                <when test="criterion.singleValue">
                  and ${criterion.condition} #{criterion.value}
                </when>
                <when test="criterion.betweenValue">
                  and ${criterion.condition} #{criterion.value} and #{criterion.secondValue}
                </when>
                <when test="criterion.listValue">
                  and ${criterion.condition}
                  <foreach close=")" collection="criterion.value" item="listItem" open="(" separator=",">
                    #{listItem}
                  </foreach>
                </when>
              </choose>
            </foreach>
          </trim>
        </if>
      </foreach>
    </where>
  </sql>
  <sql id="Update_By_Example_Where_Clause">
    <where>
      <foreach collection="example.oredCriteria" item="criteria" separator="or">
        <if test="criteria.valid">
          <trim prefix="(" prefixOverrides="and" suffix=")">
            <foreach collection="criteria.criteria" item="criterion">
              <choose>
                <when test="criterion.noValue">
                  and ${criterion.condition}
                </when>
                <when test="criterion.singleValue">
                  and ${criterion.condition} #{criterion.value}
                </when>
                <when test="criterion.betweenValue">
                  and ${criterion.condition} #{criterion.value} and #{criterion.secondValue}
                </when>
                <when test="criterion.listValue">
                  and ${criterion.condition}
                  <foreach close=")" collection="criterion.value" item="listItem" open="(" separator=",">
                    #{listItem}
                  </foreach>
                </when>
              </choose>
            </foreach>
          </trim>
        </if>
      </foreach>
    </where>
  </sql>
  <sql id="Base_Column_List">
    emp_id, emp_name, gender, email, depar_id
  </sql>
  <sql id="WithDept_Column_List">
    e.emp_id, e.emp_name, gender, e.email, e.depar_id, d.dept_id, d.dept_name
  </sql>



<!--  <select id="testSelect" resultMap="TSM">-->
<!--    SELECT e.emp_id, e.emp_name, e.gender, e.email, e.depar_id, d.dept_name  AS deptName-->
<!--    FROM employees AS e-->
<!--    LEFT JOIN dept AS d-->
<!--    ON e.depar_id=d.dept_id-->
<!--    WHERE e.emp_id = 1;-->
<!--  </select>-->



<!--查询员工信息时不带上部门信息-->
  <select id="selectByExample" parameterType="crud.bean.EmployeeExample" resultMap="BaseResultMap">
    select
    <if test="distinct">
      distinct
    </if>
    <include refid="Base_Column_List" />
    from employees
    <if test="_parameter != null">
      <include refid="Example_Where_Clause" />
    </if>
    <if test="orderByClause != null">
      order by ${orderByClause}
    </if>
  </select>

  <select id="selectByPrimaryKey" parameterType="java.lang.Integer" resultMap="BaseResultMap">
    select
    <include refid="Base_Column_List" />
    from employees
    where emp_id = #{empId,jdbcType=INTEGER}
  </select>

<!--  查询员工信息时带上部门信息-->
  <select id="selectByExampleWithDept" resultMap="WithDeptResultMap">
    select
    <if test="distinct">
      distinct
    </if>
    <include refid="WithDept_Column_List" />
    FROM employees as e
    LEFT JOIN dept as d
    ON e.depar_id=d.dept_id
    <if test="_parameter != null">
      <include refid="Example_Where_Clause" />
    </if>
    <if test="orderByClause != null">
      order by ${orderByClause}
    </if>
  </select>

  <select id="selectByPrimaryKeyWithDept" resultMap="WithDeptResultMap">
    select
    <include refid="WithDept_Column_List" />
    FROM employees as e
    LEFT JOIN dept as d
    ON e.depar_id=d.dept_id
    where e.emp_id = #{empId,jdbcType=INTEGER}
  </select>

  <select id="countByExample" parameterType="crud.bean.EmployeeExample" resultType="java.lang.Long">
    select count(*) from employees
    <if test="_parameter != null">
      <include refid="Example_Where_Clause" />
    </if>
  </select>


  <delete id="deleteByPrimaryKey" parameterType="java.lang.Integer">
    delete from employees
    where emp_id = #{empId,jdbcType=INTEGER}
  </delete>
  <delete id="deleteByExample" parameterType="crud.bean.EmployeeExample">
    delete from employees
    <if test="_parameter != null">
      <include refid="Example_Where_Clause" />
    </if>
  </delete>

  <insert id="insert" parameterType="crud.bean.Employee">
    insert into employees (emp_id, emp_name, gender,
    email, depar_id)
    values (#{empId,jdbcType=INTEGER}, #{empName,jdbcType=VARCHAR}, #{gender,jdbcType=CHAR},
    #{email,jdbcType=VARCHAR}, #{deparId,jdbcType=INTEGER})
  </insert>
  <insert id="insertSelective" parameterType="crud.bean.Employee">
    insert into employees
    <trim prefix="(" suffix=")" suffixOverrides=",">
      <if test="empId != null">
        emp_id,
      </if>
      <if test="empName != null">
        emp_name,
      </if>
      <if test="gender != null">
        gender,
      </if>
      <if test="email != null">
        email,
      </if>
      <if test="deparId != null">
        depar_id,
      </if>
    </trim>
    <trim prefix="values (" suffix=")" suffixOverrides=",">
      <if test="empId != null">
        #{empId,jdbcType=INTEGER},
      </if>
      <if test="empName != null">
        #{empName,jdbcType=VARCHAR},
      </if>
      <if test="gender != null">
        #{gender,jdbcType=CHAR},
      </if>
      <if test="email != null">
        #{email,jdbcType=VARCHAR},
      </if>
      <if test="deparId != null">
        #{deparId,jdbcType=INTEGER},
      </if>
    </trim>
  </insert>

  <update id="updateByExampleSelective" parameterType="map">
    update employees
    <set>
      <if test="record.empId != null">
        emp_id = #{record.empId,jdbcType=INTEGER},
      </if>
      <if test="record.empName != null">
        emp_name = #{record.empName,jdbcType=VARCHAR},
      </if>
      <if test="record.gender != null">
        gender = #{record.gender,jdbcType=CHAR},
      </if>
      <if test="record.email != null">
        email = #{record.email,jdbcType=VARCHAR},
      </if>
      <if test="record.deparId != null">
        depar_id = #{record.deparId,jdbcType=INTEGER},
      </if>
    </set>
    <if test="_parameter != null">
      <include refid="Update_By_Example_Where_Clause" />
    </if>
  </update>
  <update id="updateByExample" parameterType="map">
    update employees
    set emp_id = #{record.empId,jdbcType=INTEGER},
    emp_name = #{record.empName,jdbcType=VARCHAR},
    gender = #{record.gender,jdbcType=CHAR},
    email = #{record.email,jdbcType=VARCHAR},
    depar_id = #{record.deparId,jdbcType=INTEGER}
    <if test="_parameter != null">
      <include refid="Update_By_Example_Where_Clause" />
    </if>
  </update>
  <update id="updateByPrimaryKeySelective" parameterType="crud.bean.Employee">
    update employees
    <set>
      <if test="empName != null">
        emp_name = #{empName,jdbcType=VARCHAR},
      </if>
      <if test="gender != null">
        gender = #{gender,jdbcType=CHAR},
      </if>
      <if test="email != null">
        email = #{email,jdbcType=VARCHAR},
      </if>
      <if test="deparId != null">
        depar_id = #{deparId,jdbcType=INTEGER},
      </if>
    </set>
    where emp_id = #{empId,jdbcType=INTEGER}
  </update>
  <update id="updateByPrimaryKey" parameterType="crud.bean.Employee">
    update employees
    set emp_name = #{empName,jdbcType=VARCHAR},
    gender = #{gender,jdbcType=CHAR},
    email = #{email,jdbcType=VARCHAR},
    depar_id = #{deparId,jdbcType=INTEGER}
    where emp_id = #{empId,jdbcType=INTEGER}
  </update>



</mapper>